{
  "high": {
    "system_id": "7qhl__1__1.A__1.E",
    "sucos": 85.22180587330261,
    "af3_rmsd": 0.1889277845621109,
    "gnina_rmsd": 1.420368180437735
  },
  "low": {
    "system_id": "8cfb__1__1.A__1.L",
    "sucos": 2.982742020279647,
    "af3_rmsd": 37.84131240844727,
    "gnina_rmsd": 0.4390449386167648
  }
}